,text_id,Cohesion,Syntax,Vocabulary,Phraseology,Grammar,Convention
0,0000C359D63E,3.312129497528076,3.451136350631714,3.29630184173584,3.354572296142578,4.156092166900635,3.915102243423462
1,000BAD50D026,3.8172879219055176,3.4262397289276123,3.5579190254211426,3.456286907196045,3.281770706176758,3.7936623096466064
2,00367BB2546B,3.4258222579956055,3.372377872467041,3.783270835876465,3.662609577178955,3.3580827713012695,3.1524972915649414
